{
    "blank.xenogenesis":{
        "sounds":[
            "custom/xenogenesis"
        ]
    },
    "blank.the_coconut_song":{
        "sounds":[
            "custom/the_coconut_song"
        ]
    },
    "blank.daylight":{
        "sounds":[
            "custom/daylight"
        ]
    },
    "blank.toxic":{
        "sounds":[
            "custom/toxic"
        ]
    },
    "blank.red_sun_in_the_sky":{
        "sounds":[
            "custom/red_sun_in_the_sky"
        ]
    },
    "blank.alarm":{
        "sounds":[
            "custom/alarm"
        ]
    },
    "gun.shot":{
        "sounds":[
            "custom/shot"
        ]
    },
    "blank.skibidi_toilet_phonk":{
        "sounds":[
            "custom/skibidi_toilet_phonk"
        ]
    },
    "blank.skibidi_toilet":{
        "sounds":[
            "custom/skibidi_toilet"
        ]
    },
    "blank.holy_moly":{
        "sounds":[
            "custom/holy_moly"
        ]
    },
    "blank.the_spectre":{
        "sounds":[
            "custom/the_spectre"
        ]
    },
    "christmass.all_i_want_for_christmass_is_you":{
        "sounds":[
            "custom/all_i_want_for_christmass_is_you"
        ]
    }

    
}